Workbook

Sheet Registro_Comidas
A1: Fecha | B1: Plato / Descripción | C1: Costo Total | D1: Pagado Por | E1: Porciones Totales | F1: Costo x Porción | G1: ¿Dividir Igualitario? | H1: Porciones Juano | I1: Porciones Alberto | J1: Porciones Mitchel | K1: CONSUMO Juano | L1: CONSUMO Alberto | M1: CONSUMO Mitchel
D2: Juano | F2: =IF(E2>0, C2/E2, 0) -> 0 | G2: No | H2: 0 | I2: 0 | J2: 0 | K2: =IF(G2="Sí", C2/3, F2*H2) -> 0 | L2: =IF(G2="Sí", C2/3, F2*I2) -> 0 | M2: =IF(G2="Sí", C2/3, F2*J2) -> 0
D3: Juano | F3: =IF(E3>0, C3/E3, 0) -> 0 | G3: No | H3: 0 | I3: 0 | J3: 0 | K3: =IF(G3="Sí", C3/3, F3*H3) -> 0 | L3: =IF(G3="Sí", C3/3, F3*I3) -> 0 | M3: =IF(G3="Sí", C3/3, F3*J3) -> 0
D4: Juano | F4: =IF(E4>0, C4/E4, 0) -> 0 | G4: No | H4: 0 | I4: 0 | J4: 0 | K4: =IF(G4="Sí", C4/3, F4*H4) -> 0 | L4: =IF(G4="Sí", C4/3, F4*I4) -> 0 | M4: =IF(G4="Sí", C4/3, F4*J4) -> 0
D5: Juano | F5: =IF(E5>0, C5/E5, 0) -> 0 | G5: No | H5: 0 | I5: 0 | J5: 0 | K5: =IF(G5="Sí", C5/3, F5*H5) -> 0 | L5: =IF(G5="Sí", C5/3, F5*I5) -> 0 | M5: =IF(G5="Sí", C5/3, F5*J5) -> 0
D6: Juano | F6: =IF(E6>0, C6/E6, 0) -> 0 | G6: No | H6: 0 | I6: 0 | J6: 0 | K6: =IF(G6="Sí", C6/3, F6*H6) -> 0 | L6: =IF(G6="Sí", C6/3, F6*I6) -> 0 | M6: =IF(G6="Sí", C6/3, F6*J6) -> 0
D7: Juano | F7: =IF(E7>0, C7/E7, 0) -> 0 | G7: No | H7: 0 | I7: 0 | J7: 0 | K7: =IF(G7="Sí", C7/3, F7*H7) -> 0 | L7: =IF(G7="Sí", C7/3, F7*I7) -> 0 | M7: =IF(G7="Sí", C7/3, F7*J7) -> 0
D8: Juano | F8: =IF(E8>0, C8/E8, 0) -> 0 | G8: No | H8: 0 | I8: 0 | J8: 0 | K8: =IF(G8="Sí", C8/3, F8*H8) -> 0 | L8: =IF(G8="Sí", C8/3, F8*I8) -> 0 | M8: =IF(G8="Sí", C8/3, F8*J8) -> 0
D9: Juano | F9: =IF(E9>0, C9/E9, 0) -> 0 | G9: No | H9: 0 | I9: 0 | J9: 0 | K9: =IF(G9="Sí", C9/3, F9*H9) -> 0 | L9: =IF(G9="Sí", C9/3, F9*I9) -> 0 | M9: =IF(G9="Sí", C9/3, F9*J9) -> 0
D10: Juano | F10: =IF(E10>0, C10/E10, 0) -> 0 | G10: No | H10: 0 | I10: 0 | J10: 0 | K10: =IF(G10="Sí", C10/3, F10*H10) -> 0 | L10: =IF(G10="Sí", C10/3, F10*I10) -> 0 | M10: =IF(G10="Sí", C10/3, F10*J10) -> 0
D11: Juano | F11: =IF(E11>0, C11/E11, 0) -> 0 | G11: No | H11: 0 | I11: 0 | J11: 0 | K11: =IF(G11="Sí", C11/3, F11*H11) -> 0 | L11: =IF(G11="Sí", C11/3, F11*I11) -> 0 | M11: =IF(G11="Sí", C11/3, F11*J11) -> 0
D12: Juano | F12: =IF(E12>0, C12/E12, 0) -> 0 | G12: No | H12: 0 | I12: 0 | J12: 0 | K12: =IF(G12="Sí", C12/3, F12*H12) -> 0 | L12: =IF(G12="Sí", C12/3, F12*I12) -> 0 | M12: =IF(G12="Sí", C12/3, F12*J12) -> 0
D13: Juano | F13: =IF(E13>0, C13/E13, 0) -> 0 | G13: No | H13: 0 | I13: 0 | J13: 0 | K13: =IF(G13="Sí", C13/3, F13*H13) -> 0 | L13: =IF(G13="Sí", C13/3, F13*I13) -> 0 | M13: =IF(G13="Sí", C13/3, F13*J13) -> 0
... D51: Juano | F51: =IF(E51>0, C51/E51, 0) -> 0 | G51: No | H51: 0 | I51: 0 | J51: 0 | K51: =IF(G51="Sí", C51/3, F51*H51) -> 0 | L51: =IF(G51="Sí", C51/3, F51*I51) -> 0 | M51: =IF(G51="Sí", C51/3, F51*J51) -> 0

Sheet Gastos_Generales
A1: Fecha | B1: Concepto | C1: Monto Total | D1: Pagado Por | E1: Consumo Juano | F1: Consumo Alberto | G1: Consumo Mitchel
D2: Alberto | E2: =IF(C2>0, C2/3, 0) -> 0 | F2: =IF(C2>0, C2/3, 0) -> 0 | G2: =IF(C2>0, C2/3, 0) -> 0
D3: Alberto | E3: =IF(C3>0, C3/3, 0) -> 0 | F3: =IF(C3>0, C3/3, 0) -> 0 | G3: =IF(C3>0, C3/3, 0) -> 0
D4: Alberto | E4: =IF(C4>0, C4/3, 0) -> 0 | F4: =IF(C4>0, C4/3, 0) -> 0 | G4: =IF(C4>0, C4/3, 0) -> 0
D5: Alberto | E5: =IF(C5>0, C5/3, 0) -> 0 | F5: =IF(C5>0, C5/3, 0) -> 0 | G5: =IF(C5>0, C5/3, 0) -> 0
D6: Alberto | E6: =IF(C6>0, C6/3, 0) -> 0 | F6: =IF(C6>0, C6/3, 0) -> 0 | G6: =IF(C6>0, C6/3, 0) -> 0
D7: Alberto | E7: =IF(C7>0, C7/3, 0) -> 0 | F7: =IF(C7>0, C7/3, 0) -> 0 | G7: =IF(C7>0, C7/3, 0) -> 0
D8: Alberto | E8: =IF(C8>0, C8/3, 0) -> 0 | F8: =IF(C8>0, C8/3, 0) -> 0 | G8: =IF(C8>0, C8/3, 0) -> 0
D9: Alberto | E9: =IF(C9>0, C9/3, 0) -> 0 | F9: =IF(C9>0, C9/3, 0) -> 0 | G9: =IF(C9>0, C9/3, 0) -> 0
D10: Alberto | E10: =IF(C10>0, C10/3, 0) -> 0 | F10: =IF(C10>0, C10/3, 0) -> 0 | G10: =IF(C10>0, C10/3, 0) -> 0
D11: Alberto | E11: =IF(C11>0, C11/3, 0) -> 0 | F11: =IF(C11>0, C11/3, 0) -> 0 | G11: =IF(C11>0, C11/3, 0) -> 0
D12: Alberto | E12: =IF(C12>0, C12/3, 0) -> 0 | F12: =IF(C12>0, C12/3, 0) -> 0 | G12: =IF(C12>0, C12/3, 0) -> 0
D13: Alberto | E13: =IF(C13>0, C13/3, 0) -> 0 | F13: =IF(C13>0, C13/3, 0) -> 0 | G13: =IF(C13>0, C13/3, 0) -> 0
... D51: Alberto | E51: =IF(C51>0, C51/3, 0) -> 0 | F51: =IF(C51>0, C51/3, 0) -> 0 | G51: =IF(C51>0, C51/3, 0) -> 0

Sheet Resumen_Final
B2: ESTADO DE CUENTA DE LA CASA
B3: Persona | C3: Total Consumido (Lo que usó) | D3: Total Pagado (Lo que puso) | E3: BALANCE FINAL (A pagar / A recibir)
B4: Juano | C4: =SUM(Registro_Comidas!K2:K51) + SUM(Gastos_Generales!E2:E51) -> 0 | D4: =SUMIF(Registro_Comidas!$D$2:$D$51, "Juano", Registro_Comidas!$C$2:$C$51) + SUMIF(Gastos_Generales!$D$2:$D$51, "Juano", Gastos_Generales!$C$2:$C$51) -> 0 | E4: =D4-C4 -> 0
B5: Alberto | C5: =SUM(Registro_Comidas!L2:L51) + SUM(Gastos_Generales!F2:F51) -> 0 | D5: =SUMIF(Registro_Comidas!$D$2:$D$51, "Alberto", Registro_Comidas!$C$2:$C$51) + SUMIF(Gastos_Generales!$D$2:$D$51, "Alberto", Gastos_Generales!$C$2:$C$51) -> 0 | E5: =D5-C5 -> 0
B6: Mitchel | C6: =SUM(Registro_Comidas!M2:M51) + SUM(Gastos_Generales!G2:G51) -> 0 | D6: =SUMIF(Registro_Comidas!$D$2:$D$51, "Mitchel", Registro_Comidas!$C$2:$C$51) + SUMIF(Gastos_Generales!$D$2:$D$51, "Mitchel", Gastos_Generales!$C$2:$C$51) -> 0 | E6: =D6-C6 -> 0
